fetched_date,path,title,count,uniques
2026-05-13,/CWorthy-ocean/cson-forge/pulls,/pulls,32,3
2026-05-13,/CWorthy-ocean/cson-forge,Overview,25,8
2026-05-13,/CWorthy-ocean/cson-forge/pull/71,/pull/71,7,1
2026-05-13,/CWorthy-ocean/cson-forge/tree/main/cson_forge,/tree/main/cson_forge,6,3
2026-05-13,/CWorthy-ocean/cson-forge/pull/65,/pull/65,6,2
2026-05-13,/CWorthy-ocean/cson-forge/pull/72,/pull/72,6,2
2026-05-13,/CWorthy-ocean/cson-forge/pull/70,/pull/70,5,1
2026-05-13,/CWorthy-ocean/cson-forge/tree/main,/tree/main,4,3
2026-05-13,/CWorthy-ocean/cson-forge/pull/79,/pull/79,4,2
2026-05-13,/CWorthy-ocean/cson-forge/pull/67,/pull/67,3,2
2026-05-14,/CWorthy-ocean/cson-forge/pulls,/pulls,38,4
2026-05-14,/CWorthy-ocean/cson-forge,Overview,27,8
2026-05-14,/CWorthy-ocean/cson-forge/pull/79,/pull/79,8,2
2026-05-14,/CWorthy-ocean/cson-forge/pull/71,/pull/71,7,1
2026-05-14,/CWorthy-ocean/cson-forge/tree/main/cson_forge,/tree/main/cson_forge,6,3
2026-05-14,/CWorthy-ocean/cson-forge/pull/72,/pull/72,6,2
2026-05-14,/CWorthy-ocean/cson-forge/tree/main,/tree/main,5,3
2026-05-14,/CWorthy-ocean/cson-forge/issues,/issues,5,2
2026-05-14,/CWorthy-ocean/cson-forge/pull/70,/pull/70,5,1
2026-05-14,/CWorthy-ocean/cson-forge/pull/67,/pull/67,3,2
2026-05-15,/CWorthy-ocean/cson-forge/pulls,/pulls,37,4
2026-05-15,/CWorthy-ocean/cson-forge,Overview,23,8
2026-05-15,/CWorthy-ocean/cson-forge/pull/79,/pull/79,10,2
2026-05-15,/CWorthy-ocean/cson-forge/pull/82,/pull/82,7,2
2026-05-15,/CWorthy-ocean/cson-forge/pull/71,/pull/71,7,1
2026-05-15,/CWorthy-ocean/cson-forge/pull/72,/pull/72,6,2
2026-05-15,/CWorthy-ocean/cson-forge/issues,/issues,5,2
2026-05-15,/CWorthy-ocean/cson-forge/pull/70,/pull/70,5,1
2026-05-15,/CWorthy-ocean/cson-forge/tree/main,/tree/main,3,2
2026-05-15,/CWorthy-ocean/cson-forge/tree/main/cson_forge,/tree/main/cson_forge,3,2
2026-05-16,/CWorthy-ocean/cson-forge/pulls,/pulls,34,4
2026-05-16,/CWorthy-ocean/cson-forge,Overview,24,8
2026-05-16,/CWorthy-ocean/cson-forge/pull/79,/pull/79,15,2
2026-05-16,/CWorthy-ocean/cson-forge/pull/82,/pull/82,11,2
2026-05-16,/CWorthy-ocean/cson-forge/pull/72,/pull/72,6,2
2026-05-16,/CWorthy-ocean/cson-forge/issues,/issues,5,2
2026-05-16,/CWorthy-ocean/cson-forge/pull/79/changes,/pull/79/changes,5,2
2026-05-16,/CWorthy-ocean/cson-forge/pull/82/changes,/pull/82/changes,5,2
2026-05-16,/CWorthy-ocean/cson-forge/pull/84,/pull/84,5,1
2026-05-16,/CWorthy-ocean/cson-forge/tree/main/cson_forge,/tree/main/cson_forge,4,3
2026-05-17,/CWorthy-ocean/cson-forge/pulls,/pulls,33,4
2026-05-17,/CWorthy-ocean/cson-forge,Overview,24,8
2026-05-17,/CWorthy-ocean/cson-forge/pull/79,/pull/79,15,2
2026-05-17,/CWorthy-ocean/cson-forge/pull/82,/pull/82,11,2
2026-05-17,/CWorthy-ocean/cson-forge/pull/72,/pull/72,6,2
2026-05-17,/CWorthy-ocean/cson-forge/issues,/issues,5,2
2026-05-17,/CWorthy-ocean/cson-forge/pull/79/changes,/pull/79/changes,5,2
2026-05-17,/CWorthy-ocean/cson-forge/pull/82/changes,/pull/82/changes,5,2
2026-05-17,/CWorthy-ocean/cson-forge/pull/84,/pull/84,5,1
2026-05-17,/CWorthy-ocean/cson-forge/tree/main/cson_forge,/tree/main/cson_forge,4,3
2026-05-18,/CWorthy-ocean/cson-forge/pulls,/pulls,33,4
2026-05-18,/CWorthy-ocean/cson-forge,Overview,24,8
2026-05-18,/CWorthy-ocean/cson-forge/pull/79,/pull/79,15,2
2026-05-18,/CWorthy-ocean/cson-forge/pull/82,/pull/82,11,2
2026-05-18,/CWorthy-ocean/cson-forge/pull/72,/pull/72,6,2
2026-05-18,/CWorthy-ocean/cson-forge/issues,/issues,5,2
2026-05-18,/CWorthy-ocean/cson-forge/pull/79/changes,/pull/79/changes,5,2
2026-05-18,/CWorthy-ocean/cson-forge/pull/82/changes,/pull/82/changes,5,2
2026-05-18,/CWorthy-ocean/cson-forge/pull/84,/pull/84,5,1
2026-05-18,/CWorthy-ocean/cson-forge/tree/main/cson_forge,/tree/main/cson_forge,4,3
2026-05-19,/CWorthy-ocean/cson-forge/pulls,/pulls,33,4
2026-05-19,/CWorthy-ocean/cson-forge,Overview,24,7
2026-05-19,/CWorthy-ocean/cson-forge/pull/79,/pull/79,15,2
2026-05-19,/CWorthy-ocean/cson-forge/pull/82,/pull/82,11,2
2026-05-19,/CWorthy-ocean/cson-forge/pull/72,/pull/72,6,2
2026-05-19,/CWorthy-ocean/cson-forge/pull/79/changes,/pull/79/changes,5,2
2026-05-19,/CWorthy-ocean/cson-forge/pull/82/changes,/pull/82/changes,5,2
2026-05-19,/CWorthy-ocean/cson-forge/pull/84,/pull/84,5,1
2026-05-19,/CWorthy-ocean/cson-forge/tree/main/cson_forge,/tree/main/cson_forge,4,3
2026-05-19,/CWorthy-ocean/cson-forge/issues,/issues,4,1
2026-05-20,/CWorthy-ocean/cson-forge/pulls,/pulls,31,4
2026-05-20,/CWorthy-ocean/cson-forge,Overview,25,7
2026-05-20,/CWorthy-ocean/cson-forge/pull/79,/pull/79,15,2
2026-05-20,/CWorthy-ocean/cson-forge/pull/82,/pull/82,11,2
2026-05-20,/CWorthy-ocean/cson-forge/pull/79/changes,/pull/79/changes,6,2
2026-05-20,/CWorthy-ocean/cson-forge/pull/82/changes,/pull/82/changes,5,2
2026-05-20,/CWorthy-ocean/cson-forge/tree/main/cson_forge,/tree/main/cson_forge,5,2
2026-05-20,/CWorthy-ocean/cson-forge/pull/84,/pull/84,5,1
2026-05-20,/CWorthy-ocean/cson-forge/issues,/issues,4,1
2026-05-20,/CWorthy-ocean/cson-forge/pull/83,/pull/83,4,1
2026-05-21,/CWorthy-ocean/cson-forge/pulls,/pulls,32,4
2026-05-21,/CWorthy-ocean/cson-forge,Overview,22,4
2026-05-21,/CWorthy-ocean/cson-forge/pull/79,/pull/79,15,2
2026-05-21,/CWorthy-ocean/cson-forge/pull/82,/pull/82,11,2
2026-05-21,/CWorthy-ocean/cson-forge/pull/79/changes,/pull/79/changes,6,2
2026-05-21,/CWorthy-ocean/cson-forge/pull/82/changes,/pull/82/changes,5,2
2026-05-21,/CWorthy-ocean/cson-forge/tree/main/cson_forge,/tree/main/cson_forge,5,2
2026-05-21,/CWorthy-ocean/cson-forge/pull/84,/pull/84,5,1
2026-05-21,/CWorthy-ocean/cson-forge/issues,/issues,4,1
2026-05-21,/CWorthy-ocean/cson-forge/pull/83,/pull/83,4,1
2026-05-22,/CWorthy-ocean/cson-forge/pulls,/pulls,30,4
2026-05-22,/CWorthy-ocean/cson-forge,Overview,18,3
2026-05-22,/CWorthy-ocean/cson-forge/pull/79,/pull/79,15,2
2026-05-22,/CWorthy-ocean/cson-forge/pull/82,/pull/82,11,2
2026-05-22,/CWorthy-ocean/cson-forge/pull/79/changes,/pull/79/changes,6,2
2026-05-22,/CWorthy-ocean/cson-forge/pull/82/changes,/pull/82/changes,5,2
2026-05-22,/CWorthy-ocean/cson-forge/tree/main/cson_forge,/tree/main/cson_forge,5,2
2026-05-22,/CWorthy-ocean/cson-forge/pull/84,/pull/84,5,1
2026-05-22,/CWorthy-ocean/cson-forge/issues,/issues,4,1
2026-05-22,/CWorthy-ocean/cson-forge/pull/83,/pull/83,4,1
2026-05-23,/CWorthy-ocean/cson-forge/pulls,/pulls,30,4
2026-05-23,/CWorthy-ocean/cson-forge,Overview,17,3
2026-05-23,/CWorthy-ocean/cson-forge/pull/79,/pull/79,15,2
2026-05-23,/CWorthy-ocean/cson-forge/pull/82,/pull/82,11,2
2026-05-23,/CWorthy-ocean/cson-forge/pull/79/changes,/pull/79/changes,6,2
2026-05-23,/CWorthy-ocean/cson-forge/pull/82/changes,/pull/82/changes,5,2
2026-05-23,/CWorthy-ocean/cson-forge/pull/84,/pull/84,5,1
2026-05-23,/CWorthy-ocean/cson-forge/issues,/issues,4,1
2026-05-23,/CWorthy-ocean/cson-forge/pull/83,/pull/83,4,1
2026-05-23,/CWorthy-ocean/cson-forge/tree/main/cson_forge,/tree/main/cson_forge,3,2
2026-05-24,/CWorthy-ocean/cson-forge/pulls,/pulls,30,4
2026-05-24,/CWorthy-ocean/cson-forge,Overview,17,3
2026-05-24,/CWorthy-ocean/cson-forge/pull/79,/pull/79,15,2
2026-05-24,/CWorthy-ocean/cson-forge/pull/82,/pull/82,11,2
2026-05-24,/CWorthy-ocean/cson-forge/pull/79/changes,/pull/79/changes,6,2
2026-05-24,/CWorthy-ocean/cson-forge/pull/82/changes,/pull/82/changes,5,2
2026-05-24,/CWorthy-ocean/cson-forge/pull/84,/pull/84,5,1
2026-05-24,/CWorthy-ocean/cson-forge/issues,/issues,4,1
2026-05-24,/CWorthy-ocean/cson-forge/pull/83,/pull/83,4,1
2026-05-24,/CWorthy-ocean/cson-forge/tree/main/cson_forge,/tree/main/cson_forge,3,2
2026-05-25,/CWorthy-ocean/cson-forge/pulls,/pulls,30,4
2026-05-25,/CWorthy-ocean/cson-forge,Overview,17,3
2026-05-25,/CWorthy-ocean/cson-forge/pull/79,/pull/79,15,2
2026-05-25,/CWorthy-ocean/cson-forge/pull/82,/pull/82,11,2
2026-05-25,/CWorthy-ocean/cson-forge/pull/79/changes,/pull/79/changes,6,2
2026-05-25,/CWorthy-ocean/cson-forge/pull/82/changes,/pull/82/changes,5,2
2026-05-25,/CWorthy-ocean/cson-forge/pull/84,/pull/84,5,1
2026-05-25,/CWorthy-ocean/cson-forge/issues,/issues,4,1
2026-05-25,/CWorthy-ocean/cson-forge/pull/83,/pull/83,4,1
2026-05-25,/CWorthy-ocean/cson-forge/tree/main/cson_forge,/tree/main/cson_forge,3,2
2026-05-26,/CWorthy-ocean/cson-forge/pulls,/pulls,30,4
2026-05-26,/CWorthy-ocean/cson-forge,Overview,17,3
2026-05-26,/CWorthy-ocean/cson-forge/pull/79,/pull/79,15,2
2026-05-26,/CWorthy-ocean/cson-forge/pull/82,/pull/82,11,2
2026-05-26,/CWorthy-ocean/cson-forge/pull/79/changes,/pull/79/changes,6,2
2026-05-26,/CWorthy-ocean/cson-forge/pull/82/changes,/pull/82/changes,5,2
2026-05-26,/CWorthy-ocean/cson-forge/pull/84,/pull/84,5,1
2026-05-26,/CWorthy-ocean/cson-forge/issues,/issues,4,1
2026-05-26,/CWorthy-ocean/cson-forge/pull/83,/pull/83,4,1
2026-05-26,/CWorthy-ocean/cson-forge/tree/main/cson_forge,/tree/main/cson_forge,3,2
2026-05-27,/CWorthy-ocean/cson-forge/pulls,/pulls,25,3
2026-05-27,/CWorthy-ocean/cson-forge/pull/79,/pull/79,11,2
2026-05-27,/CWorthy-ocean/cson-forge/pull/82,/pull/82,11,2
2026-05-27,/CWorthy-ocean/cson-forge,Overview,10,2
2026-05-27,/CWorthy-ocean/cson-forge/pull/82/changes,/pull/82/changes,5,2
2026-05-27,/CWorthy-ocean/cson-forge/pull/84,/pull/84,5,1
2026-05-27,/CWorthy-ocean/cson-forge/pull/79/changes,/pull/79/changes,4,2
2026-05-27,/CWorthy-ocean/cson-forge/issues,/issues,4,1
2026-05-27,/CWorthy-ocean/cson-forge/pull/83,/pull/83,4,1
2026-05-27,/CWorthy-ocean/cson-forge/tree/main/cson_forge,/tree/main/cson_forge,3,2
2026-05-28,/CWorthy-ocean/cson-forge/pulls,/pulls,16,3
2026-05-28,/CWorthy-ocean/cson-forge/pull/82,/pull/82,11,2
2026-05-28,/CWorthy-ocean/cson-forge,Overview,8,2
2026-05-28,/CWorthy-ocean/cson-forge/pull/79,/pull/79,7,1
2026-05-28,/CWorthy-ocean/cson-forge/pull/82/changes,/pull/82/changes,5,2
2026-05-28,/CWorthy-ocean/cson-forge/pull/84,/pull/84,5,1
2026-05-28,/CWorthy-ocean/cson-forge/pull/79/changes,/pull/79/changes,4,2
2026-05-28,/CWorthy-ocean/cson-forge/pull/83,/pull/83,4,1
2026-05-28,/CWorthy-ocean/cson-forge/tree/main/cson_forge,/tree/main/cson_forge,3,2
2026-05-28,/CWorthy-ocean/cstar-forge,Overview,3,2
2026-05-29,/CWorthy-ocean/cson-forge/pulls,/pulls,12,3
2026-05-29,/CWorthy-ocean/cson-forge,Overview,8,2
2026-05-29,/CWorthy-ocean/cstar-forge,Overview,7,3
2026-05-29,/CWorthy-ocean/cson-forge/pull/79,/pull/79,5,1
2026-05-29,/CWorthy-ocean/cson-forge/pull/84,/pull/84,5,1
2026-05-29,/CWorthy-ocean/cstar-forge/tree/main/workflows/generate-models,/tree/main/workflows/generate-models,5,1
2026-05-29,/CWorthy-ocean/cson-forge/pull/79/changes,/pull/79/changes,4,2
2026-05-29,/CWorthy-ocean/cson-forge/pull/82,/pull/82,4,2
2026-05-29,/CWorthy-ocean/cson-forge/pull/83,/pull/83,4,1
2026-05-29,/CWorthy-ocean/cson-forge/pull/82/changes,/pull/82/changes,3,2
2026-05-30,/CWorthy-ocean/cson-forge/pulls,/pulls,12,3
2026-05-30,/CWorthy-ocean/cson-forge,Overview,8,2
2026-05-30,/CWorthy-ocean/cstar-forge,Overview,7,3
2026-05-30,/CWorthy-ocean/cson-forge/pull/79,/pull/79,5,1
2026-05-30,/CWorthy-ocean/cson-forge/pull/84,/pull/84,5,1
2026-05-30,/CWorthy-ocean/cstar-forge/tree/main/workflows/generate-models,/tree/main/workflows/generate-models,5,1
2026-05-30,/CWorthy-ocean/cson-forge/pull/79/changes,/pull/79/changes,4,2
2026-05-30,/CWorthy-ocean/cson-forge/pull/82,/pull/82,4,2
2026-05-30,/CWorthy-ocean/cson-forge/pull/83,/pull/83,4,1
2026-05-30,/CWorthy-ocean/cson-forge/pull/82/changes,/pull/82/changes,3,2
2026-05-31,/CWorthy-ocean/cstar-forge,Overview,14,5
2026-05-31,/CWorthy-ocean/cstar-forge/pulls,/pulls,7,2
2026-05-31,/CWorthy-ocean/cson-forge,Overview,6,2
2026-05-31,/CWorthy-ocean/cstar-forge/pull/88,/pull/88,6,1
2026-05-31,/CWorthy-ocean/cstar-forge/tree/main/workflows/generate-models,/tree/main/workflows/generate-models,5,1
2026-05-31,/CWorthy-ocean/cstar-forge/tree/main/cstar_forge,/tree/main/cstar_forge,3,2
2026-05-31,/CWorthy-ocean/cstar-forge/tree/main/cstar_forge/model-configs/cson_roms-marbl_v0.1/templates,/tree/main/cstar_forge/model-configs/cson_roms-marbl_v0.1/templates,3,1
2026-05-31,/CWorthy-ocean/cstar-forge/tree/main/workflows,/tree/main/workflows,3,1
2026-05-31,/CWorthy-ocean/cstar-forge/tree/main/workflows/generate-models/outputs/forge-user,/tree/main/workflows/generate-models/outputs/forge-user,3,1
2026-05-31,/CWorthy-ocean/cstar-forge/blob/main/cstar_forge/models.yml,/blob/main/cstar_forge/models.yml,2,2
2026-06-01,/CWorthy-ocean/cstar-forge,Overview,14,5
2026-06-01,/CWorthy-ocean/cstar-forge/pulls,/pulls,7,2
2026-06-01,/CWorthy-ocean/cson-forge,Overview,6,2
2026-06-01,/CWorthy-ocean/cstar-forge/pull/88,/pull/88,6,1
2026-06-01,/CWorthy-ocean/cstar-forge/tree/main/workflows/generate-models,/tree/main/workflows/generate-models,5,1
2026-06-01,/CWorthy-ocean/cstar-forge/tree/main/cstar_forge,/tree/main/cstar_forge,3,2
2026-06-01,/CWorthy-ocean/cstar-forge/tree/main/cstar_forge/model-configs/cson_roms-marbl_v0.1/templates,/tree/main/cstar_forge/model-configs/cson_roms-marbl_v0.1/templates,3,1
2026-06-01,/CWorthy-ocean/cstar-forge/tree/main/workflows,/tree/main/workflows,3,1
2026-06-01,/CWorthy-ocean/cstar-forge/tree/main/workflows/generate-models/outputs/forge-user,/tree/main/workflows/generate-models/outputs/forge-user,3,1
2026-06-01,/CWorthy-ocean/cstar-forge/blob/main/cstar_forge/models.yml,/blob/main/cstar_forge/models.yml,2,2
2026-06-02,/CWorthy-ocean/cstar-forge,Overview,16,5
2026-06-02,/CWorthy-ocean/cstar-forge/pulls,/pulls,7,2
2026-06-02,/CWorthy-ocean/cstar-forge/pull/88,/pull/88,6,1
2026-06-02,/CWorthy-ocean/cson-forge,Overview,5,2
2026-06-02,/CWorthy-ocean/cstar-forge/tree/main/workflows/generate-models,/tree/main/workflows/generate-models,5,1
2026-06-02,/CWorthy-ocean/cstar-forge/pull/90,/pull/90,3,2
2026-06-02,/CWorthy-ocean/cstar-forge/tree/main/cstar_forge,/tree/main/cstar_forge,3,2
2026-06-02,/CWorthy-ocean/cstar-forge/tree/main/cstar_forge/model-configs/cson_roms-marbl_v0.1/templates,/tree/main/cstar_forge/model-configs/cson_roms-marbl_v0.1/templates,3,1
2026-06-02,/CWorthy-ocean/cstar-forge/tree/main/workflows,/tree/main/workflows,3,1
2026-06-02,/CWorthy-ocean/cstar-forge/tree/main/workflows/generate-models/outputs/forge-user,/tree/main/workflows/generate-models/outputs/forge-user,3,1
2026-06-04,/CWorthy-ocean/cstar-forge,Overview,16,5
2026-06-04,/CWorthy-ocean/cstar-forge/pulls,/pulls,7,2
2026-06-04,/CWorthy-ocean/cstar-forge/pull/88,/pull/88,6,1
2026-06-04,/CWorthy-ocean/cstar-forge/tree/main/workflows/generate-models,/tree/main/workflows/generate-models,5,1
2026-06-04,/CWorthy-ocean/cstar-forge/tree/main/cstar_forge,/tree/main/cstar_forge,4,3
2026-06-04,/CWorthy-ocean/cstar-forge/pull/90,/pull/90,3,2
2026-06-04,/CWorthy-ocean/cstar-forge/tree/main/cstar_forge/model-configs/cson_roms-marbl_v0.1/templates,/tree/main/cstar_forge/model-configs/cson_roms-marbl_v0.1/templates,3,1
2026-06-04,/CWorthy-ocean/cstar-forge/tree/main/workflows,/tree/main/workflows,3,1
2026-06-04,/CWorthy-ocean/cstar-forge/tree/main/workflows/generate-models/outputs/forge-user,/tree/main/workflows/generate-models/outputs/forge-user,3,1
2026-06-04,/CWorthy-ocean/cstar-forge/blob/main/cstar_forge/models.yml,/blob/main/cstar_forge/models.yml,2,2
2026-06-05,/CWorthy-ocean/cstar-forge,Overview,17,5
2026-06-05,/CWorthy-ocean/cstar-forge/pulls,/pulls,8,3
2026-06-05,/CWorthy-ocean/cstar-forge/pull/88,/pull/88,6,1
2026-06-05,/CWorthy-ocean/cstar-forge/tree/main/workflows/generate-models,/tree/main/workflows/generate-models,5,1
2026-06-05,/CWorthy-ocean/cstar-forge/tree/main/cstar_forge,/tree/main/cstar_forge,4,3
2026-06-05,/CWorthy-ocean/cstar-forge/pull/90,/pull/90,3,2
2026-06-05,/CWorthy-ocean/cstar-forge/tree/main/cstar_forge/model-configs/cson_roms-marbl_v0.1/templates,/tree/main/cstar_forge/model-configs/cson_roms-marbl_v0.1/templates,3,1
2026-06-05,/CWorthy-ocean/cstar-forge/tree/main/workflows,/tree/main/workflows,3,1
2026-06-05,/CWorthy-ocean/cstar-forge/tree/main/workflows/generate-models/outputs/forge-user,/tree/main/workflows/generate-models/outputs/forge-user,3,1
2026-06-05,/CWorthy-ocean/cstar-forge/blob/main/cstar_forge/models.yml,/blob/main/cstar_forge/models.yml,2,2
2026-06-06,/CWorthy-ocean/cstar-forge,Overview,24,6
2026-06-06,/CWorthy-ocean/cstar-forge/pulls,/pulls,10,3
2026-06-06,/CWorthy-ocean/cstar-forge/tree/main/workflows/generate-models,/tree/main/workflows/generate-models,6,2
2026-06-06,/CWorthy-ocean/cstar-forge/blob/f472c5fc973ffcf118c64d524f4baa887d3f1272/cstar_forge/_core.py,/blob/f472c5fc973ffcf118c64d524f4baa887d3f1272/cstar_forge/_core.py,6,1
2026-06-06,/CWorthy-ocean/cstar-forge/pull/88,/pull/88,6,1
2026-06-06,/CWorthy-ocean/cstar-forge/tree/f472c5fc973ffcf118c64d524f4baa887d3f1272,/tree/f472c5fc973ffcf118c64d524f4baa887d3f1272,5,1
2026-06-06,/CWorthy-ocean/cstar-forge/tree/main/cstar_forge,/tree/main/cstar_forge,4,3
2026-06-06,/CWorthy-ocean/cstar-forge/tree/main/workflows,/tree/main/workflows,4,2
2026-06-06,/CWorthy-ocean/cstar-forge/pull/90,/pull/90,3,2
2026-06-06,/CWorthy-ocean/cstar-forge/compare/mbl_co2,/compare/mbl_co2,3,1
